rouge1,rouge2,rougeL,rougeLsum
0.49001529115423626,0,0.46052475198618297,0.460127602841539291
